;Шкив на двигатель для мотоблоков МБ-1 Ока, Каскад, Луч;700 руб
;Шкив на двигатель для мотоблока Салют;700 руб
;Шкив на двигатель для мотоблоков МКМ-3 Lander, Hitachi S169;700 руб
;Шкив на двигатель для мотокультиватора Крот;700 руб
;Сцепка СВ-2 для мотоблоков типа МБ и МКМ-3 Lander;1200 руб
;Сцепка СВ-1/1 для мотоблоков Салют, Фаворит;1100 руб
;Комплект культиваторов для мотоблоков типа МБ;2700 руб
;Почвофреза для мотоблоков Агрос (Агро), МТЗ Беларус;17400 руб
;Плуг двухоборотный для мотоблока;4050 руб
;Плуг Крот для мотоблока;990 руб
;Плуг П1-20/3 для мотоблока;1290 руб
;Окучник для мотокультиваторов ОН-2;900 руб
;Окучник для мотоблоков ОН-2/2;1000 руб
;Плуг П1-20/2 для мотоблока;1200 руб
;Окучник для мотоблоков двухрядный;3100 руб
;Удлинители грунтозацепов для мотоблоков МКМ-3 Lander, Салют;700 руб
;Полольники для мотокультиватора Нева МК-100;1600 руб
;Мотокультиватор МКМ-2-Л4,0 Lander;19990 руб
;Мотокультиватор МКМ-2-Л5,5 Lander;20500 руб
;Мотокультиватор МКМ-2-Б6,0 Lander;23500 руб
;Мотокультиватор МКМ-2-С6,0 Lander;24990 руб
;Мотокультиватор Нева МК-100-05;22900 руб
;Мотокультиватор Нева МК-100-05Р;24500 руб
;Мотокультиватор Нева МК-100-07;22900 руб
;Мотокультиватор Нева МК-100-07Р;24500 руб
;Мотокультиватор Нева МКМ-75-01Р;20900 руб
;Электрокультиватор Eurosystems La Zappa 1300;11500 руб
;Электрокультиватор Eurosystems Z-1;8700 руб
;Электрокультиватор Eurosystems Lucciola;5500 руб
;Мотоблок МКМ-3-С7 Lander (Пахарь);34500 руб
;Мотоблок МКМ-3-С6 Lander (Пахарь);32500 руб
;Мотоблок МКМ-3-С6 Премиум Lander (Пахарь);34000 руб
;Мотоблок МКМ-3-Л6,5 Lander (Пахарь);26500 руб
;Мотоблок МКМ-3-К7 Lander (Пахарь);32900 руб
;Мотоблок МКМ-3-Б6,5 Lander (Пахарь);32500 руб
;Мотоблок МКМ-3-Б6 Lander (Пахарь);29990 руб
;Мотоблок МКМ-3-GX200 Lander (Пахарь);33500 руб
;Мотоблок Салют 5Л;22990 руб
;Мотоблок Салют 5Х;29990 руб
;Мотоблок Салют 5Р6;32000 руб
;Мотоблок Ока МБ-1Д1М12;25990 руб
;Мотоблок Ока МБ-1Д1М13;31500 руб
;Мотоблок НМБ-1Н2 Угра;39000 руб
;Мотоблок НМБ-1Н9 Угра;38990 руб
;Мотоблок НМБ-1Н10 Угра;41690 руб
;Мотоблок НМБ-1Н8 Угра;31500 руб
;Мотоблок Нева МБ-2Н-5,5;33990 руб
;Мотоблок Нева МБ-2С-6,5 PRO;34890 руб
;Мотоблок Нева МБ-2С-7,5 PRO;36690 руб
;Мотоблок Нева МБ-2Б-6,0;33000 руб
;Мотоблок Нева МБ-2Б-6,5 PRO;33900 руб
;Мотоблок Нева МБ-2Б-7,5 PRO;36590 руб
;Двигатель Honda GX200;13690 руб
;Двигатель Subaru EX17;13390 руб
;Двигатель Subaru EX21;16290 руб
;Двигатель Subaru EX17 Premium;14690 руб
;Двигатель Kohler Command PRO CH270;14390 руб
;Двигатель Kohler Command PRO CH395;20400 руб
;Двигатель Briggs&amp;Stratton VANGUARD OHV 6,5 13Н3;13690 руб
;Двигатель Briggs&amp;Stratton 750 Series;11990 руб
;Двигатель Lianlong LL160F;5100 руб
;Двигатель Lianlong LL168F;5600 руб
;Двигатель Lianlong LL168F-1;6490 руб
;Двигатель Lianlong LL173F;10300 руб
;Двигатель Dinking DK168F;6100 руб
;Двигатель Dinking DK168F-1;6990 руб
;Двигатель Dinking DK170F;7290 руб
;Двигатель Dinking DK182F;12500 руб
;Шкив на двигатель для мотоблока Нева МБ-2;700 руб
;Опора сварная для двигателя;700 руб
;Мотопомпа Lianlong LL QDZ 40-25;4800 руб
;Мотопомпа Lianlong LL QD 50-30А;7000 руб
;Мотопомпа Lianlong LL HW 51A;9000 руб
;Мотопомпа Lianlong LL TW 30 для грязной воды;9700 руб
;Мотопомпа Hitachi A25EB;8300 руб
;Мотопомпа Hitachi A160EA;14500 руб
;Бензиновый генератор Lianlong LL 2,5 GF-3A;12800 руб
;Бензиновый генератор Lianlong LL 4,0 GF-3A;16200 руб
;Дополнительный комплект культиваторов МБ;2100 руб
;Дополнительный комплект культиваторов МКМ-3 Lander, Салют;1900 руб
;Нож культиватора - 1 шт. (левый|правый) МКМ-3 Lander, Салют;90 руб
;Полольники для мотоблоков МКМ-3 Lander, Салют, Крот;1600 руб
;Сцепка СВ-1/1 для мотоблоков типа МБ и МКМ-3 Lander;1100 руб
;Сцепка СВ-1/1 для мотоблоков Агрос, МТЗ Беларус;1300 руб
;Рама с двумя замками СВ-1/1 для мотоблоков;1100 руб
;Рама с двумя замками СУ-4 для адаптера;1100 руб
;Сцепка База-2 для мотоблоков типа МБ и МКМ-3 Lander;750 руб
;Сцепка База для мотоблоков Салют, Фаворит;600 руб
;Сцепка МК-100;500 руб
;Сцепка МКМ-75;550 руб
;Сцепка Крот;600 руб
;Грунтозацепы 600 мм для мотоблоков МКМ-3, Салют;2700 руб
;Грунтозацепы 425x200 мм для мотоблоков МКМ-3, Салют;2400 руб
;Грунтозацепы 500x200 мм для мотоблоков МКМ-3, Салют;2700 руб
;Грунтозацепы 460x160 мм для мотоблоков МКМ-3, Салют;2500 руб
;Грунтозацепы 425 мм для мотоблоков МКМ-3, Салют;1850 руб
;Грунтозацепы 500 мм для мотоблоков МКМ-3, Салют;2100 руб
;Грунтозацепы Крот;1500 руб
;Грунтозацепы МК-100;1500 руб
;Грунтозацепы 320x200 мм для мотокультиваторов МК-100;2050 руб
;Грунтозацепы 350x110 мм;1850 руб
;Грунтозацепы 350х130 мм для мотоблока НМБ-1 старой модификации;1950 руб
;Грунтозацепы 500х130 мм для мотоблока НМБ-1 старой модификации;2100 руб
;Грунтозацепы для мотоблоков Агрос, МТЗ Беларус;2900 руб
;Удлинители грунтозацепов для мотоблоков МБ;700 руб
;Картофелевыкапыватель КВ-3 для мотоблоков;1000 руб
;Картофелевыкапыватель КВ-2 для мотокультиваторов;750 руб
;Щетка ЩМ-0,9 Торнадо для мотоблоков МКМ-3 Lander, Hitachi S169;19990 руб
;Щетка ЩМ-0,9 Торнадо для мотоблоков Агрос, МТЗ Беларус;21400 руб
;СМ-0,6 Мегалодон - Снегоуборщик для мотоблоков Нева, Ока, Lander и др.;14700 руб
;СМ-0,6 Мегалодон - Снегоуборщик для мотоблоков Салют;14900 руб
;СМ-0,6 Мегалодон - Снегоуборщик для мотоблоков Агрос (Агро), МТЗ Беларус;20400 руб
;СМ-0,6 Мегалодон - Снегоуборщик для мотоблока Угра;20400 руб
;Косилка КМ-0,5 Терминатор для мотоблоков Салют;10700 руб
;Косилка КМ-0,5 Терминатор для мотоблоков Агрос, МТЗ Беларус;14990 руб
;Роторная косилка «Заря» для мотоблоков МБ и МКМ-3 Lander;12990 руб
;Роторная косилка «Заря» для мотоблока Салют;13500 руб
;Роторная косилка «Заря-1» для мотоблока НМБ-1 Угра;14990 руб
;Переходник-адаптер для роторной косилки Заря к мотоблоку МКМ-3 Lander;600 руб
;Редуктор-переходник ПМБ-1 для роторной косилки Заря к мотоблокам;8400 руб
;Косилка Агрос сегментная;16500 руб
;Нож косилки Заря;100 руб
;Ось ножа (палец) косилки Заря;100 руб
;Лопата (отвал) для мотоблоков Нева, Ока, Lander, Каскад, Hitachi и др.;4700 руб
;Лопата (отвал) для мотоблоков Агро (Агрос), МТЗ Беларус;5600 руб
;Тележка ТПМ-350-2 для мотоблоков;13290 руб
;Тележка ТПМ-350-1 для мотоблоков;13490 руб
;Тележка ТПМ-350-1 оцинкованная для мотоблоков;13990 руб
;Тележка ТПМ-350 для мотоблоков;13990 руб
;Тележка ТПМ-350 оцинкованная для мотоблоков;14490 руб
;Адаптер АПМ-350 с кузовом для мотоблоков;16500 руб
;Адаптер АПМ-350 без кузова для мотоблоков;14500 руб
;Насос водяной (помпа) НМЦ для мотоблоков МКМ-3 Lander;3800 руб
;Колесо резиновое 4,0х8 в сборе для мотоблоков и мотокультиваторов;2100 руб
;Мотошина 4,0х8 (елочка) для мотоблоков;850 руб
;Мотошина 4,0х10 (елочка) для мотоблоков;1050 руб
;Диск колеса 4,0х8 для мотоблоков и мотокультиваторов - 4 отверстия под ступицу;550 руб
;Диск колеса 4,0х10 для мотоблоков и мотокультиваторов - 4 отверстия под ступицу;650 руб
;Камера колеса 4,0х8;250 руб
;Камера колеса 4,0х10, 4,5x10;270 руб
;Аккумуляторная цепная пила Husqvarna 436Li;24360 руб
;Косилка КМ-0,5 Терминатор для мотоблоков типа МБ;10700 руб
;Насос водяной (помпа) НМЦ для мотоблоков типа МБ;3800 руб
;Насос водяной (помпа) НМЦ для мотоблоков Салют;3800 руб
;Полольники для мотокультиватора Тарпан;1600 руб
;СМ-0,6 Мегалодон - Снегоуборщик для мотоблоков Фаворит;14900 руб
;Лопата (отвал) для мотоблоков Салют, Фаворит;4700 руб
;Лопата (отвал) для мотоблоков НМБ-1 Угра;4700 руб
;Щетка ЩМ-0,9 Торнадо для мотоблоков Салют;19990 руб
;Ремень привода переднего хода мотоблоков Ока МБ-1, Каскад, Луч;200 руб
;Щетка ЩМ-0,9 Торнадо для мотоблоков НМБ-1 Угра;21400 руб
;Щетка ЩМ-0,9 Торнадо для мотоблоков Фаворит;19990 руб
;Косилка КМ-0,5 Терминатор для мотоблоков МКМ-3 Lander;10700 руб
;Косилка КМ-0,5 Терминатор для мотоблоков Фаворит;10700 руб
;Комплект культиваторов для мотоблоков МКМ-3 Lander, Салют;2700 руб
;Щетка ЩМ-0,9 Торнадо для мотоблоков Нева МБ-2, Ока МБ-1, Каскад, Луч;19990 руб
;Грунтозацепы 600 мм для мотоблоков типа МБ;2700 руб
;Грунтозацепы 500x200 мм для мотоблоков типа МБ;2700 руб
;Грунтозацепы 460x160 мм для мотоблоков типа МБ;2500 руб
;Грунтозацепы 425x200 мм для мотоблоков типа МБ;2400 руб
;Грунтозацепы 425 мм для мотоблоков типа МБ;1850 руб
;Грунтозацепы 500 мм для мотоблоков типа МБ;2100 руб
;Грунтозацепы Крот/МК-3;1500 руб
;Удлинители грунтозацепов для мотокультиваторов МКМ-2;700 руб
;Удлинители грунтозацепов для мотокультиваторов Крот;700 руб
;Нож культиватора - 1 шт. (левый|правый) для мотоблоков типа МБ;90 руб
;Шплинт (стопор) фрезы, колеса для мотоблоков SPLR 1042;100 руб
;Рама с двумя замками СВ-2 для мотоблоков;1100 руб
;Шкворень для мотоблока;100 руб
;Бензиновый самоходный снегоуборщик Craftsman 88172;39590 руб
;Колесо резиновое 4,0х10 в сборе для мотоблоков и мотокультиваторов;2100 руб
;Ремень привода мотоблоков Нева МБ-2;200 руб
;Ремень привода заднего хода мотоблоков Ока МБ-1, Каскад, Луч;200 руб
;Ремень привода мотоблоков Салют;200 руб
;Ремень привода мотоблоков МКМ-3 Lander (Пахарь), Hitachi S169;200 руб
;Ремень привода мотокультиваторов МКМ-2 Lander;200 руб
;Ремень привода косилки КМ-0,5 Терминатор для мотоблоков Нева МБ-2, Ока МБ-1, Каскад, Луч;200 руб
;Ремень привода косилки КМ-0,5 Терминатор для мотоблоков Салют;200 руб
;Ремень привода косилки КМ-0,5 Терминатор для мотоблоков МКМ-3 Lander (Пахарь), Hitachi S169;200 руб
;Ремень привода косилки Заря для мотоблоков Нева МБ-2, Ока МБ-1, Каскад, Луч;200 руб
;Ремень привода косилки Заря для мотоблоков Салют;200 руб
;Ремень привода косилки Заря для мотоблоков МКМ-3 Lander (Пахарь), Hitachi S169;200 руб
;Ремень привода насоса НМЦ для мотоблоков Нева МБ-2, Ока МБ-1, Каскад, Луч;200 руб
;Ремень привода насоса НМЦ для мотоблоков Салют;200 руб
;Ремень привода насоса НМЦ для мотоблоков МКМ-3 Lander (Пахарь), Hitachi S169;200 руб
;Ремень привода снегоуборщика СМ-0,6 Мегалодон для мотоблоков Нева МБ-2;200 руб
;Ремень привода снегоуборщика СМ-0,6 Мегалодон для мотоблоков Ока МБ-1, Каскад, Луч;200 руб
;Ремень привода снегоуборщика СМ-0,6 Мегалодон для мотоблоков Салют;200 руб
;Ремень привода снегоуборщика СМ-0,6 Мегалодон для мотоблоков МКМ-3 Lander (Пахарь), Hitachi S169;200 руб
;Ремень привода щетки ЩМ-0,9 Торнадо для мотоблоков Нева МБ-2, Ока МБ-1, Каскад, Луч;200 руб
;Ремень привода щетки ЩМ-0,9 Торнадо для мотоблоков Салют;200 руб
;Ремень привода щетки ЩМ-0,9 Торнадо для мотоблоков МКМ-3 Lander (Пахарь), Hitachi S169;200 руб
;Бензиновый самоходный снегоуборщик Tsunami STA 6555 MW;24000 руб
;Бензиновый самоходный снегоуборщик MTD SMART M 56;31600 руб
;Бензиновый самоходный снегоуборщик Мобил К С65Д7;35990 руб
;Мотошина 4,0х10 (шоссейная) для тележек серии ТПМ-350, адаптера АПМ-350;1300 руб
;Мотоблок НМБ-1Н5 Угра;36900 руб
;Колесо резиновое 5,0х6 в сборе для мотоблоков и мотокультиваторов;1950 руб
;Колесо резиновое 6,5х8 в сборе для мотоблоков и мотокультиваторов;2750 руб
;Мотошина 4,0х8 (елочка) Goodyear для мотоблоков;1150 руб
;Ступица колеса 4,0х8, 6,50x8, 5,0x6, 4,0x10, 4,5x10 - 4 отверстия;350 руб
;Диск колеса 4,0х10 для мотоблоков и мотокультиваторов - 5 отверстий под ступицу;650 руб
;Ступица колеса 4,0х10 - 5 отверстий;350 руб
;Мотоблок МКМ-3-DK7 Lander (Пахарь);26990 руб
;Бензиновый самоходный снегоуборщик Мобил К С65К7;39900 руб
;Редуктор для мотоблока Нева МБ-2 в сборе;12500 руб
;Редуктор для мотоблоков МБ-1 Ока (Кадви) в сборе;11300 руб
;Редуктор для мотоблока Салют-5 в сборе;9600 руб
;Редуктор для мотоблоков МКМ-3 Lander, Hitachi S169 в сборе;9600 руб
;Мотоблок Салют 5БС-1;31500 руб
;Мотоблок Ghepard GX270;78900 руб
;Мотоблок Ghepard CH395;78900 руб
;Почвофреза для мотоблоков Ghepard;16500 руб
;Мотоблок Салют 5Р-5,0;28100 руб
;Мотоблок Салют 5БС-6,0;28550 руб
;Мотоблок Салют 5Л-6,5;23500 руб
;Мотоблок Салют 5Х с двигателем Honda GC-160 (5 л.с.);28990 руб
;Мотоблок Салют 5Х с двигателем Honda GC-190 (6 л.с.);30500 руб
;Мотоблок Нева МБ-2К-6,5;33490 руб
;Мотоблок Нева МБ-2К-7,5;35200 руб
;Мотоблок Нева МБ-3С-7,0 PRO;34500 руб
;Мотоблок Нева МБ-2С-9,0 PRO;39990 руб
;Мотоблок Ока МБ-1Д1М10;29300 руб
;Мотоблок Ока МБ-1Д1М1;28500 руб
;Мотоблок Ока МБ-1Д1М7;31800 руб
;Мотоблок Ока МБ-1Д1М6;32300 руб
;Мотоблок Ока МБ-1Д1М11;32500 руб
;Мотоблок Ока МБ-1Д1М9;33300 руб
;Мотоблок НМБ-1Н1 Угра;32400 руб
;Мотоблок НМБ-1Н13 Угра;39300 руб
;Мотоблок НМБ-1Н3 Угра;39500 руб
;Мотоблок НМБ-1Н7 Угра;33500 руб
;Мотоблок Каскад с двигателем ДМ1;33250 руб
;Мотоблок Каскад с двигателем B&amp;S I/C;34950 руб
;Мотоблок Каскад МБ61-12-02-01 с двигателем B&amp;S I/C;35880 руб
;Мотоблок Каскад МБ61-22-02-01 с двигателем Honda GX200;40550 руб
;Мотоблок Фаворит с двигателем Honda GC160;34620 руб
;Мотоблок Фаворит с двигателем B&amp;S I/C;36940 руб
;Мотоблок Фаворит с двигателем B&amp;S Vanguard;38500 руб
;Мотоблок Фаворит с двигателем Subaru EX21;42500 руб
;Мотоблок Фаворит с двигателем ЗИД;28200 руб
;Мотоблок Фаворит с двигателем Honda GX160;33500 руб
;Мотоблок Фаворит с двигателем Honda GC190;35800 руб
;Мотоблок Фаворит с двигателем B&amp;S Vanguard;39300 руб
;Мотоблок Фаворит с двигателем Subaru EX17;39990 руб
;Мотоблок Фаворит с двигателем Honda GX200;41500 руб
;Бензиновая газонокосилка Craftsman 37654;19990 руб
;Мотоблок МТЗ Беларус-09H;65900 руб
;Мотоблок МТЗ Беларус 10B;65900 руб
;Мотоблок Агро (Агрос);63000 руб
;Бензиновая газонокосилка Craftsman 37454;20990 руб
;Бензиновая газонокосилка Craftsman 37068;18990 руб
;Бензиновая газонокосилка Craftsman 37069;20990 руб
;Бензиновая газонокосилка Toro 20331;17500 руб
;Электрическая газонокосилка EFCO PR 40 S;6800 руб
;Электрическая газонокосилка EFCO LR 44PE;10700 руб
;Электрическая газонокосилка EFCO  LR 48TE;14990 руб
;Ремень привода мотоблоков Фаворит;200 руб
;Полусинтетическое моторное масло 10W40 Лукойл 1л;150 руб
;Свеча зажигания для двигателей Briggs&amp;Stratton, Kohler-Lombardini;100 руб
;Свеча зажигания для двигателей Honda серии GX, Lianlong, Dinking, Lifan, Greenfield и пр.;100 руб
;Свеча зажигания для двигателей Subaru серии EX;100 руб
;Бензопила Husqvarna 236;6799 руб
;Бензопила Husqvarna 240;7499 руб
;Бензопила Husqvarna 135;7999 руб
;Бензопила Husqvarna 435;11390 руб
;Бензопила Husqvarna 440 е;13990 руб
;Бензопила Husqvarna 445 е;15500 руб
;Бензопила Husqvarna 450 е;16500 руб
;Бензопила Husqvarna 455 е Rancher AT;20500 руб
;Профессиональная бензопила Husqvarna Т435;12865 руб
;Профессиональная бензопила Husqvarna 353;21355 руб
;Профессиональная бензопила Husqvarna 359;22150 руб
;Профессиональная бензопила Husqvarna 555;22930 руб
;Профессиональная бензопила Husqvarna 365;24450 руб
;Профессиональная бензопила Husqvarna 365Н;37595 руб
;Профессиональная бензопила Husqvarna 570;25100 руб
;Профессиональная бензопила Husqvarna 339ХР;21950 руб
;Профессиональная бензопила Husqvarna 357 ХР;23350 руб
;Профессиональная бензопила Husqvarna 560 ХР;27200 руб
;Профессиональная бензопила Husqvarna 272 ХР;22900 руб
;Профессиональная бензопила Husqvarna 372 ХР;27500 руб
;Профессиональная бензопила Husqvarna 372 ХР X-Torq;27900 руб
;Профессиональная бензопила Husqvarna 576 ХР;32990 руб
;Профессиональная бензопила Husqvarna 395 ХР;37710 руб
;Профессиональная бензопила Husqvarna 3120 ХР;63020 руб
;Бензиновая газонокосилка на воздушной подушке Husqvarna GX560;20825 руб
;Бензиновая газонокосилка Husqvarna LB48V;20400 руб
;Бензиновая газонокосилка Husqvarna LC48;19640 руб
;Бензиновая газонокосилка Husqvarna J55SL;18910 руб
;Бензиновая газонокосилка Husqvarna R53;15575 руб
;Триммер бензиновый Husqvarna 545RX (бензокоса);27300 руб
;Триммер бензиновый Husqvarna 343R (бензокоса);27100 руб
;Триммер бензиновый Husqvarna 535RX (бензокоса);24480 руб
;Триммер бензиновый Husqvarna 135R (бензокоса);20990 руб
;Триммер бензиновый Husqvarna 327RDx (бензокоса);15990 руб
;Триммер бензиновый Husqvarna 327Rx (бензокоса);14990 руб
;Триммер бензиновый Husqvarna 323R (бензокоса);12990 руб
;Электропила цепная Partner ES 1900;5090 руб
;Электропила цепная Partner P620T;5090 руб
;Электропила цепная Husqvarna 321 EL;9999 руб
;Воздушный фильтр для двигателей Honda GX160, GX200;400 руб
;Воздушный фильтр для двигателей Kohler Command Pro CH270;1000 руб
;Воздушный фильтр для двигателей Honda GX160, GX200 (Original);900 руб
;Воздушный фильтр для двигателей Subaru EX17 и EX21;900 руб
;Воздушный фильтр для двигателей Lianlong, Dinking, Lifan, Greenfield и пр.;400 руб
;Воздушный фильтр для двигателей Briggs&amp;Stratton 750 Series;400 руб
;Воздушный фильтр для двигателей Briggs&amp;Stratton Intek;400 руб
;Мотоблок Husqvarna TR 430;48990 руб
;Мотоблок TR 430 Dual;52000 руб
;Мотоблок Husqvarna TR 530;64300 руб
966 78 67-01;Мотокультиватор Husqvarna TF 224;23800 руб
966 78 73-01;Мотокультиватор Husqvarna TF 334;28990 руб
966 78 70-01;Мотокультиватор Husqvarna TF 434P;33990 руб
;Триммер (бензокоса) Grasser CG 260B;5900 руб
;Триммер (бензокоса) Grasser CG 330B;6990 руб
;Триммер бензиновый Husqvarna 122C (бензокоса);6500 руб
;Триммер бензиновый Husqvarna 122LD (бензокоса);7590 руб
;Триммер бензиновый Husqvarna 128R (бензокоса);9490 руб
;Бензопила Partner P340S;3999 руб
;Бензопила Partner P350S;4499 руб
;Бензопила Partner P360S;4999 руб
;Бензопила Partner P842;9100 руб
;Триммер (бензокоса) Partner B305 CBS;6500 руб
;Триммер (бензокоса) Partner T265 CPS;5500 руб
;Триммер (бензокоса) Partner BC 433B;7950 руб
;Триммер (бензокоса) Partner BC 433L;6690 руб
;Триммер (бензокоса) Partner XS;3600 руб
;Бензиновая газонокосилка Gardena 46 V;15590 руб
;Бензиновая газонокосилка Gardena 46 VD;19750 руб
;Бензиновая газонокосилка Gardena 51 VDA;25990 руб
;Аккумуляторная газонокосилка Gardena PowerMax(tm) 36 A Li;19990 руб
;Комплект MAXI МКМ-3 Lander Пахарь, Салют, Фаворит;13200 руб
;Aккумуляторная газонокосилка Gardena PowerMax(tm) 42 A Li;25500 руб
;Электрическая газонокосилка Gardena PowerMax(tm) 32 E;4999 руб
;Электрическая газонокосилка Gardena PowerMax(tm) 34 E;6990 руб
;Электрическая газонокосилка Gardena PowerMax(tm) 36 E;8690 руб
;Электрическая газонокосилка Gardena PowerMax(tm) 42 E;11500 руб
;Газонокосилка барабанная механическая Gardena 300 С;3475 руб
;Газонокосилка барабанная механическая Gardena 380 С;4485 руб
;Газонокосилка барабанная электрическая Gardena 380 ЕС;10590 руб
;Газонокосилка барабанная аккумуляторная Gardena 380 Li;15560 руб
;Комплект MINI МБ, Нева, Ока, Каскад, Луч;8000 руб
;Комплект MINI МКМ-3 Lander Пахарь, Салют, Фаворит;7700 руб
;Комплект MAXI МБ, Ока, Нева, Каскад, Луч;13600 руб
;Бензиновая газонокосилка Husqvarna R 145SV;21745 руб
;Комплект PRO МКМ-3 Lander Пахарь, Салют, Фаворит;54800 руб
;Бензиновая газонокосилка Husqvarna R 52S;22135 руб
;Бензиновая газонокосилка Husqvarna LC48V;23550 руб
;Бензиновая газонокосилка Husqvarna R152SV;26352 руб
;Бензиновая газонокосилка Husqvarna LC 53 e;28890 руб
;Бензиновая газонокосилка Husqvarna LC 56AWD e;32500 руб
;Бензиновая газонокосилка Husqvarna LC 53Вe;33135 руб
;Бензиновая газонокосилка Husqvarna WB 48 S;33295 руб
;Бензиновая газонокосилка Husqvarna WC 53 S e;38500 руб
;Бензиновая газонокосилка Husqvarna M53S PRO;42830 руб
;Газонокосилка барабанная механическая Husqvarna 54;4190 руб
;Газонокосилка барабанная механическая Husqvarna 64;5370 руб
;Газонокосилка барабанная механическая Husqvarna 540;6810 руб
;Бензиновая газонокосилка Husqvarna DB51;41590 руб
;Электрический триммер Gardena SmallCut 300;1665 руб
;Электрический триммер Gardena EasyCut 400;3115 руб
;Электрический триммер Gardena ComfortCut 450;4155 руб
;Электрический триммер Gardena PowerCut 500;4155 руб
;Электрический триммер Gardena ProCut 800;4670 руб
;Электрический триммер Gardena ProCut 1000;5340 руб
;Аккумуляторный триммер Gardena SmallCut 300 Accu;3950 руб
;Аккумуляторный триммер Gardena AccuCut 400 Li;5720 руб
;Электропила цепная Gardena CST 3518;6230 руб
;Электропила цепная Gardena CST 3519-Х;7280 руб
;Электропила цепная Gardena CSI 4020-X;8310 руб
;Аккумуляторная цепная пила Gardena CST 2018-Li;10400 руб
;Бензопила McCulloch CS330;5399 руб
;Бензопила McCulloch CS360;6479 руб
;Бензопила McCulloch CS400T;7599 руб
;Электрический триммер McCulloch ET700;2290 руб
;Триммер (бензокоса) McCulloch T22 LCS;5240 руб
;Триммер (бензокоса) McCulloch B28 PS;8499 руб
;Триммер (бензокоса) McCulloch B28 B;8990 руб
;Бензиновая газонокосилка McCulloch M40-125;8950 руб
;Бензиновая газонокосилка McCulloch M46-125R;13499 руб
;Бензиновая газонокосилка McCulloch M46-140RX;13599 руб
;Бензиновая газонокосилка McCulloch M51-140RP;17990 руб
;Бензиновая газонокосилка Partner P40-450C;7990 руб
;Бензиновая газонокосилка Partner P46-450C;9990 руб
;Бензиновая газонокосилка Partner P53-550CMW;14590 руб
;Бензиновая газонокосилка Partner P51-500CMD;14790 руб
;Бензиновая газонокосилка Partner P51-650CMD;18990 руб
;Аккумуляторный триммер Husqvarna 136LiC;19360 руб
;Аккумуляторный триммер Husqvarna 536LiL;20500 руб
;Мотокультиватор Partner PFT 44-154;14170 руб
;Мотокультиватор Partner PFT5581RB;25990 руб
;Электрокультиватор GARDENA EH 600/36;9365 руб
;Комплект PRO МБ, Ока, Нева, Каскад, Луч;55600 руб
;Мотокультиватор MTD T 330 T;19990 руб
;Мотокультиватор MTD T/205;14590 руб
;Мотокультиватор MTD T/240;19490 руб
;Мотокультиватор MTD T/240 B 500;20490 руб
;Мотокультиватор MTD T/245;16990 руб
;Мотокультиватор MTD T/330;22900 руб
;Мотокультиватор MTD T/330 В 700;20990 руб
;Мотокультиватор MTD T/330 M;19490 руб
;Мотокультиватор MTD T/380 B;25900 руб
;Мотокультиватор MTD T/380 B 700;24990 руб
;Мотокультиватор MTD T/380 M;23990 руб
;Триммер (бензокоса) Partner B 407B;9500 руб
;Кусторез Husqvarna 545FX;27700 руб
;Кусторез Husqvarna 555FX;38625 руб
;Бензоножницы Husqvarna 122HD60;10500 руб
;Бензножницы Husqvarna 325HD60x;22295 руб
;Бензоножницы Husqvarna 226HD60S;22295 руб
;Бензоножницы Husqvarna 327HE3x;28325 руб
;Ранцевый воздуходув Husqvarna 356 ВТх;21110 руб
;Воздуходув-пылесос Husqvarna 125 BVx;14100 руб
;Электрический воздуходув-пылесос Gardena ErgoJet3000;4360 руб
;Электрические ножницы GARDENA EasyCut 42;3110 руб
;Электрические ножницы GARDENA EasyCut 48;6030 руб
;Электрические ножницы GARDENA EasyCut 58;8310 руб
;Аккумуляторные ножницы GARDENA EasyCut50-Li;6655 руб
;Комплект аккумуляторных ножниц для газонов и кустарников Gardena ComfortCut;4699 руб
;Бензиновая газонокосилка Сraftsman 38908;14900 руб
;Акселератор в комплекте с тросом (трос газа) для мотоблоков МБ, МКМ-3 Lander;300 руб
;Акселератор в комплекте с тросом (трос газа) для мотоблоков НМБ;300 руб
;Акселератор в комплекте с тросом (трос газа) для мотоблоков Салют;300 руб
;Трос сцепления для мотоблоков МКМ-3 Lander;300 руб
;Трос сцепления для мотоблоков Нева МБ-2;300 руб
;Трос сцепления в сборе с ручкой для мотоблоков МКМ-3 Lander;800 руб
;Свеча зажигания для двигателей Honda серии GX (Original) NGK;250 руб
;Механизм переключения скоростей для мотоблока МКМ-3 Lander (удлинитель);1300 руб
;Сошник для мотоблоков МБ;300 руб
;Комплект дифференциальных удлинителей для мотоблоков МКМ-3 Lander, Салют;1600 руб
;Комплект резиновых ручек для мотоблоков Салют, Фаворит;200 руб
;Комплект резиновых ручек для мотоблоков МКМ-3 Lander, Hitachi S169, Каскад;200 руб
;Комплект резиновых ручек для мотоблоков Нева, Ока МБ-1, Угра НМБ-1;200 руб
;Груз-утяжелитель 20 кг для мотоблоков МБ, МКМ-3 Lander;1200 руб
;Бензиновая газонокосилка Craftsman 38911;15900 руб
;Щеточные диски для щетки ЩМ-0,9 Торнадо для мотоблоков Салют;240 руб
;Щеточные диски для щетки ЩМ-0,9 Торнадо для мотоблоков МКМ-3 Lander, Hitachi S-169;240 руб
;Щеточные диски для щетки ЩМ-0,9 Торнадо для мотоблоков Нева МБ-2, Ока МБ-1, Каскад;240 руб
;Щеточные диски для щетки ЩМ-0,9 Торнадо для мотоблоков МТЗ, Агро (Агрос);240 руб
;Высоторез Husqvarna 327Р5;29160 руб
;Высоторез Husqvarna 327PT5S;31240 руб
;Мотокультиватор Bolens BL 4040 GT;15990 руб
;Мотокультиватор Bolens BL 5061 GT;21990 руб
;Воздушный фильтр для газонокосилок с двигателями Briggs&amp;Stratton;400 руб
;Бензиновая газонокосилка MTD 42;8990 руб
11A-TAM8600;Бензиновая газонокосилка MTD 46;9690 руб
;Бензиновая газонокосилка MTD SMART 46 PB;12700 руб
;Бензиновая газонокосилка MTD SMART 46 SPO;14490 руб
;Бензиновый самоходный снегоуборщик Toro 38597;62990 руб
;Бензиновая газонокосилка MTD PM 460 OHV;11990 руб
;Бензиновая газонокосилка Wolf Garten ESPRIT 40 B;12200 руб
;Бензиновая газонокосилка Yard-Man YM 4516 PO-L;10100 руб
;Бензиновая газонокосилка Yard-Man YM 4519 РН;26840 руб
;Минимойка Karcher K 4.200;9590 руб
;Бензиновая газонокосилка Yard-Man YM 5519 PO;17570 руб
;Бензиновая газонокосилка Yard-Man YM 5519 PO-L;12990 руб
;Триммер бензиновый MTD 1033;8490 руб
;Бензиновый самоходный снегоуборщик Toro 38820;69990 руб
;Минимойка Karcher Xpert HD 7140;29090 руб
;Бензиновая газонокосилка Cub Cadet CC 5365 PRO;36754 руб
;Бензиновый самоходный снегоуборщик Craftsman 88691;49990 руб
;Бензиновая газонокосилка MTD 46 SPB HW;17200 руб
;Бензиновая газонокосилка MTD 53 SPB;19990 руб
;Бензиновая газонокосилка MTD OPTIMA 53 SPB HW;23900 руб
11A-02JE600;Бензиновая газонокосилка MTD 51;7990 руб
;Бензиновая газонокосилка Yard-Man YM 5519 SPO-L;13990 руб
;Минимойка Karcher K 3.200;8499 руб
;Бензиновая газонокосилка Yard-Man YM 5519 SPO-L HW;16490 руб
;Бензиновая газонокосилка Yard-Man YM 5521 SPB HW;22990 руб
;Бензиновая газонокосилка Yard-Man YM 5521 SPH;26990 руб
;Минимойка Karcher K 5.200 Silver;11990 руб
;Бензиновая газонокосилка Yard-Man YM 5521 SPO-L;17990 руб
;Минимойка Karcher K 7.200;20490 руб
;Бензиновая газонокосилка Yard-Man YM 6018 SAK;15990 руб
;Минимойка Karcher K 5.520;10990 руб
;Бензиновая газонокосилка Yard-Man YM 6019;27841 руб
;Минимойка Karcher K 3.550;8990 руб
;Бензиновая газонокосилка Yard-Man YM 6021 CK;35900 руб
;Минимойка Karcher K 7.750;26199 руб
;Бензиновая газонокосилка Yard-Man YM 6021 CKE;39900 руб
;Бензиновая газонокосилка Yard-Man YM 6021 SPK;30491 руб
;Бензиновая газонокосилка Yard-Man YM 7019 SPB;19990 руб
;Бензиновая газонокосилка Yard-Man YM 7021 SPB;21990 руб
;Бензиновая газонокосилка Yard Machines YM BT 24;17540 руб
;Бензиновая газонокосилка Craftsman 37000 (38510);15690 руб
;Бензиновая газонокосилка Craftsman 38518 (37010);15990 руб
;Бензиновая газонокосилка Craftsman 37430;16590 руб
;Бензиновая газонокосилка Craftsman 37432;17790 руб
;Бензиновая газонокосилка Craftsman 38903;14990 руб
;Бензиновая газонокосилка Craftsman 37031;17890 руб
;Бензиновая газонокосилка Craftsman 37034;18390 руб
;Бензиновая газонокосилка Craftsman 38909;16390 руб
;Бензиновая газонокосилка Craftsman 37037;18790 руб
;Бензиновая газонокосилка Craftsman 37040;18990 руб
;Бензиновая газонокосилка Craftsman 37440;20590 руб
;Бензиновая газонокосилка Craftsman 37041;22590 руб
;Бензиновая газонокосилка Craftsman 37043;23390 руб
;Бензиновая газонокосилка Craftsman 37044;26690 руб
;Бензиновая газонокосилка Craftsman 37060;23690 руб
;Бензиновая газонокосилка Craftsman 37092;26990 руб
;Бензиновая газонокосилка Craftsman 37970;33990 руб
;Бензиновая газонокосилка Craftsman 37093;27990 руб
;Бензиновая газонокосилка Craftsman 37095;36290 руб
;Мотоблок Салют (Агат) Л 6,5;22900 руб
;Мотоблок Салют (Агат) БС-6;27900 руб
;Мотоблок Салют (Агат) Р-6;30990 руб
;Бензопила Hitachi CS40EL;12120 руб
;Бензопила Hitachi CS38EK;11700 руб
;Бензопила Hitachi CS33ET;9400 руб
;Воздуходув Hitachi RB24E;7700 руб
;Воздуходув Hitachi RB65EF;22400 руб
;Воздуходув Hitachi RB24EAP;4540 руб
;Воздуходув Hitachi RB24EA;6900 руб
;Триммер (бензокоса) Hitachi CG40EAS;9160 руб
;Триммер (бензокоса) Hitachi CG31EBS;7010 руб
;Триммер (бензокоса) Hitachi CG27EAS;7570 руб
;Триммер ранцевый (бензокоса) Hitachi CG40ЕАF;10600 руб
;Бензоножницы Hitachi CH66EB;9300 руб
;Грунтозацепы 500x200 мм для мотоблоков Ghepard;2700 руб
;Удлинители грунтозацепов для мотоблоков Ghepard;1800 руб
;Сцепка СВ-2 для мотоблоков Ghepard;1600 руб
;Зубчатый ремень привода переднего хода мотоблоков Ока МБ-1, Каскад, Луч;500 руб
;Зубчатый ремень привода мотоблоков Нева МБ-2;500 руб
;Зубчатый ремень привода заднего хода мотоблоков Ока МБ-1, Каскад, Луч;500 руб
;Зубчатый ремень привода мотоблоков Салют;500 руб
;Зубчатый ремень привода мотокультиваторов МКМ-2 Lander;500 руб
;Зубчатый ремень привода снегоуборщика СМ-0,6 Мегалодон для мотоблоков Нева МБ-2;500 руб
;Зубчатый ремень привода снегоуборщика СМ-0,6 Мегалодон для мотоблоков Ока МБ-1, Каскад, Луч;500 руб
;Зубчатый ремень привода снегоуборщика СМ-0,6 Мегалодон для мотоблоков МКМ-3 Lander, Hitachi S169;500 руб
;Бензопила Husqvarna 140;8999 руб
;Мотоблок Салют (Агат) 5Х;31990 руб
;Зубчатый ремень привода снегоуборщика СМ-0,6 Мегалодон для мотоблоков Салют;500 руб
;Зубчатый ремень привода роторной косилки Заря для мотоблоков типа МБ и МКМ-3;500 руб
;Ремень привода мотокультиватора Крот;200 руб
;Трос сцепления в сборе с ручкой для мотоблоков Салют;800 руб
;Диск колеса 4,0х10 для тележек ТПМ-350 и адаптера АПМ-350 - 5 отверстий под ступицу;650 руб
;Бензиновая газонокосилка Wolf Garten Ambition 48 HW;19280 руб
;Дизельный генератор DK-168F-D;0 руб
;Косилка для мотоблока Ghepard сегментная 107 см;19500 руб
;Косилка для мотоблока Ghepard сегментная 92 см;13500 руб
;Мотоблок Мобил К G85 GX270 (без дифференциала);65900 руб
;Мотоблок Мобил К G85D GX270 (с дифференциалом);69500 руб
;Мотоблок Мобил К G85 CH395 (без дифференциала);65300 руб
;Мотоблок Мобил К G85D CH395 (с дифференциалом);68900 руб
;Бензиновая газонокосилка Wolf Garten Ambition 48 A HW;22290 руб
;Бензиновый самоходный снегоуборщик Craftsman 88396;73990 руб
;Бензиновая газонокосилка Wolf Garten AMBITION 53 A HW;21130 руб
;Электрическая газонокосилка Wolf Garten BLUE POWER 34 E;9900 руб
;Бензиновый самоходный снегоуборщик Craftsman 25357;69990 руб
;Электрическая газонокосилка Wolf Garten BLUE POWER 37 E;10990 руб
;Электрическая газонокосилка Wolf Garten Select 3800 E;4840 руб
;Бензиновый самоходный снегоуборщик Craftsman 88395;62990 руб
;Бензиновая газонокосилка Cub Cadet CC 42 PB;18790 руб
;Бензиновая газонокосилка Cub Cadet CC 46 MB;13490 руб
;Бензиновый самоходный снегоуборщик Toro 38816;49990 руб
;Мотоблок Hitachi S-169 HTC-S169069;35900 руб
;Бензиновый самоходный снегоуборщик Craftsman 88970;47990 руб
;Бензиновая газонокосилка Cub Cadet CC 53 SPO;20990 руб
;Бензиновая газонокосилка Cub Cadet CC 46 PB;20990 руб
;Бензиновая газонокосилка Cub Cadet CC 46 SPB V;28990 руб
;Бензиновый самоходный снегоуборщик Craftsman 88173;40990 руб
;Бензиновая газонокосилка Cub Cadet CC 48 SPOE;23990 руб
;Триммер бензиновый MTD 710;4350 руб
;Бензиновая газонокосилка Cub Cadet CC 46 SPBE V;31990 руб
;Бензиновая газонокосилка Cub Cadet CC 48 SPO HW;20990 руб
;Триммер электрический MTD ET 1000 CB;3200 руб
;Триммер электрический MTD ET 700;3690 руб
;Бензиновая газонокосилка Cub Cadet CC 53 SPO HW;22990 руб
;Триммер бензиновый MTD 1043;9490 руб
;Бензиновая газонокосилка Cub Cadet CC 98 B;35990 руб
;Бензопила Stihl MS 150 C-E;17690 руб
;Бензопила Stihl MS 180 C-BE;9690 руб
;Бензопила Stihl MS 180;8390 руб
;Бензопила Stihl MS 181;10390 руб
;Бензопила Stihl MS 181 C-BE;11890 руб
;Бензопила Stihl MS 192 C-E;13590 руб
;Бензопила Stihl MS 211;11690 руб
;Бензопила Stihl MS 211 C-BE;13090 руб
;Бензопила Stihl MS 211 C-BE с Picco Duro;13690 руб
;Бензопила Stihl MS 230;13990 руб
;Бензопила Stihl MS 230 C-BE;15090 руб
;Бензопила Stihl MS 231;16690 руб
;Бензопила Stihl MS 231 C-BE с Picco Duro;19290 руб
;Бензопила Stihl MS 250;15990 руб
;Бензопила Stihl MS 250 C-BE;17490 руб
;Бензопила Stihl MS 251;18590 руб
;Бензопила Stihl MS 251 C-BE;20990 руб
;Электропила Stihl MSE 140 C-BQ;9490 руб
;Электропила Stihl MSE 160 C-BQ;10890 руб
;Электропила Stihl MSE 180 C-BQ;12090 руб
;Электропила Stihl MSE MSE 220 C-Q;18690 руб
;Бензопила Stihl MS 271;19390 руб
;Бензопилы Stihl MS 291;20490 руб
;Бензопила Stihl MS 390;21590 руб
;Триммер (бензокоса) Stihl FS 38;6090 руб
;Триммер (бензокоса) Stihl FS 45 C-E;7590 руб
;Триммер (бензокоса) Stihl FS 50 C-E;8690 руб
;Триммер (бензокоса) Stihl FS 55;9590 руб
;Триммер (бензокоса) Stihl FS 70 C-E;13090 руб
;Триммер (бензокоса) Stihl FS 87;14990 руб
;Триммер (бензокоса) Stihl FS 90;15090 руб
;Триммер (мотокоса) Stihl FS 90 R;14190 руб
;Триммер (мотокоса) Stihl FS 100;16290 руб
;Триммер (мотокоса) Stihl FS 130;17590 руб
;Триммер (мотокоса) Stihl FS 250;18090 руб
;Триммер (ранцевая мотокоса) Stihl FR 410 C-E;34890 руб
;Триммер электрический Stihl FSE 31;2390 руб
;Триммер электрический Stihl FSE 52;3390 руб
;Триммер электрический Stihl FSE 60;4290 руб
;Триммер электрический Stihl FSE 71;4890 руб
;Триммер электрический Stihl FSE 81;6190 руб
;Почвофреза для мотоблоков Мобил К G-85 (68 см);16990 руб
;Бензопила Oleo-Mac 956-18/ 3,1 кВт;21950 руб
;Бензопила Oleo-Mac GS 35-14/ 2 л.с.;7090 руб
;Бензопила Oleo-Mac GS 35-16/ PowerSharp 2 л.с.;8450 руб
;Бензопила Oleo-Mac GS 35-16/ 2 л.с.;7550 руб
;Бензопила Oleo-Mac GS 35-14/ PowerSharp 2 л.с.;7950 руб
;Электропила Oleo-Mac 2000E-16/ 1,9 кВт;7200 руб
;Электропила Oleo-Mac 1800E-14/ 1,7 кВт;5890 руб
;Электропила Oleo-Mac 15E-14/ 1,4 кВт;6990 руб
;Электропила Oleo-Mac 19E-16/ 1,8 кВт;7790 руб
;Электропила Oleo-Mac 17E-16/ 1,6 кВт;7190 руб
;Бензопила Echo CS-270WES;10810 руб
;Бензопила Echo CS-310ES;7990 руб
;Бензопила Echo CS-4200ES;14990 руб
;Бензопила Echo CS-350WES;10370 руб
;Бензопила Echo CS-352ES;7290 руб
;Бензопила Echo CS-353ES;8190 руб
;Бензопила Echo CS-350TES;11690 руб
;Бензопила Echo CS-260TES;10890 руб
;Бензопила Echo CS-3700ES;12990 руб
;Бензопила Echo CS-450;17790 руб
;Бензопила Echo CS-510;19490 руб
;Бензопила Echo CS-550;21910 руб
;Бензопила Echo CS 600;21990 руб
;Бензопила Echo CS-680;23690 руб
;Бензопила Echo CS-8002;32390 руб
;Бензиновый самоходный снегоуборщик MTD SMART M 61;39990 руб
;Бензиновый несамоходный снегоуборщик MTD SMART M 53;22990 руб
;Бензиновый самоходный снегоуборщик MTD SMART ME 61;45600 руб
;Бензиновый самоходный снегоуборщик MTD OPTIMA ME 66;59990 руб
;Бензиновый самоходный снегоуборщик MTD OPTIMA ME 76;71490 руб
;Бензиновый самоходный снегоуборщик MTD OPTIMA ME 66 T;79990 руб
;Бензиновый самоходный снегоуборщик Cub Cadet 526 HD SWE;71990 руб
;Бензиновый самоходный снегоуборщик Cub Cadet 528 HD SWE;78990 руб
;Бензиновый самоходный снегоуборщик Wolf Garten EXPERT 6690 HD;71490 руб
;Бензиновый самоходный снегоуборщик Cub Cadet 530 HD SWE;86990 руб
;Бензиновый самоходный снегоуборщик Cub Cadet 730 HD TDE;106990 руб
;Бензиновый самоходный снегоуборщик Cub Cadet 524 SWE;53990 руб
;Бензиновый самоходный снегоуборщик Cub Cadet 933 SWE;115990 руб
;Бензиновый самоходный снегоуборщик Wolf Garten EXPERT 7190 HD;78490 руб
;Бензиновый самоходный снегоуборщик Wolf Garten EXPERT 76110 HD;86490 руб
;Бензиновый самоходный снегоуборщик Wolf Garten EXPERT 76110 HDT;106990 руб
;Бензиновый самоходный снегоуборщик Wolf Garten SELECT SF 56;33500 руб
;Бензиновый самоходный снегоуборщик Wolf Garten SELECT SF 61;40990 руб
;Бензиновый самоходный снегоуборщик Wolf Garten SELECT SF 61E;47990 руб
;Бензиновый самоходный снегоуборщик Wolf Garten AMBITION SF 66 E;63990 руб
;Бензиновый самоходный снегоуборщик Wolf Garten AMBITION SF 76 E;74990 руб
;Бензиновый самоходный снегоуборщик Wolf Garten AMBITION SF 66 TE;81990 руб
;Почвофреза для мотоблоков Мобил К G-85 (58 см);15990 руб
;Бензиновый самоходный снегоуборщик Husqvarna 5524ST;53500 руб
;Бензиновый самоходный снегоуборщик Husqvarna ST 261E;67500 руб
;Бензиновый самоходный снегоуборщик Husqvarna ST 268EP;74350 руб
;Бензиновый самоходный снегоуборщик Husqvarna ST 276EP;85535 руб
;Бензиновый самоходный снегоуборщик Husqvarna ST 268EPT;124585 руб
;Бензиновый самоходный снегоуборщик Husqvarna ST 276EPT;146250 руб
;Бензиновый самоходный снегоуборщик McCulloch PM 55;47590 руб
;Косилка для мотоблока Мобил К G85 сегментная 107 см;19500 руб
;Бензиновый самоходный снегоуборщик McCulloch PM 105;79990 руб
;Бензиновый самоходный снегоуборщик Toro 38828;99990 руб
;Мотоблок Hitachi S-169 S169000;31900 руб
;Бензиновый самоходный снегоуборщик Efco Artik 56;24990 руб
;Бензиновый самоходный снегоуборщик Efco Artik 62 ELD;43990 руб
;Бензиновый самоходный снегоуборщик Efco Artik 70 ELD;52990 руб
;Двигатель Honda GX160;12500 руб
;Двигатель Honda GX270;20990 руб
;Триммер бензиновый MTD 700;4490 руб
;Триммер бензиновый MTD 827;8290 руб
;Триммер бензиновый MTD 990;12990 руб
;Триммер электрический MTD ET 1000;3990 руб
;Триммер электрический MTD ET 1000 C;2800 руб
;Триммер электрический MTD ET 800 C;2500 руб
;Мотобур Husqvarna 143AE15 (бензобур);32190 руб
;Мотобур Husqvarna 326AI25 (бензобур);29955 руб
;Шнек для мотобура Husqvarna 130 мм  для льда;5200 руб
;Шнек для мотобура Husqvarna 250 мм  для льда;7200 руб
;Шнек для мотобура Husqvarna 150 мм  для льда;5200 руб
;Шнек для мотобура Husqvarna 200 мм  для льда;6200 руб
;Шнек для мотобура Husqvarna 90 мм  для земли;6375 руб
;Шнек для мотобура Husqvarna 150 мм  для земли;7570 руб
;Шнек для мотобура Husqvarna 250 мм  для земли;11350 руб
;Шнек для мотобура Husqvarna 300 мм  для земли;13930 руб
;Удлинитель шнека для мотобура Husqvarna, 275 мм;1890 руб
;Бензопила Cub Cadet CC 3045;12990 руб
;Бензопила Cub Cadet CC 4256;17990 руб
;Бензопила Cub Cadet CC 1936;6990 руб
;Бензопила Cub Cadet CC 4051;16990 руб
;Бензопила Cub Cadet CC 3352;15490 руб
;Бензопила Cub Cadet CC 3651;15490 руб
;Мотобур Hitachi DA200E(S) (бензобур);11990 руб
;Мотобур Hitachi DA300E (бензобур);23190 руб
;Мотобур Профер 440 М (бензобур);6100 руб
;Мотобур Профер 525 М (бензобур);6600 руб
;Удлинитель шнека для мотобура Профер, 300 мм;850 руб
;Шнек для мотобура Профер  80 мм  для земли;1220 руб
;Шнек для мотобура Профер  100 мм  для земли;1430 руб
;Удлинитель шнека для мотобура Профер, 800 мм;1560 руб
;Шнек для мотобура Профер  150 мм  для земли;1790 руб
;Шнек для мотобура Профер  200 мм  для земли;1950 руб
;Шнек для мотобура Профер 250 мм  для земли;2560 руб
;Шнек для мотобура Профер 150 мм  для льда;1920 руб
;Шнек для мотобура Профер 200 мм  для льда;2080 руб
;Мотобур Oleo-Mac MTL51 2,1 л.с. (бензобур);28990 руб
;Мотобур Oleo-Mac MTL85R 5,7 л.с. (бензобур);89990 руб
;Однозаходный удлинитель шнека для мотобура Oleo-Mac MTL51R, 300 мм;2990 руб
;Однозаходный удлинитель шнека для мотобура Oleo-Mac MTL85R, 600 мм;3590 руб
;Двухзаходный удлинитель шнека для мотобура Oleo-Mac MTL85R, 380 мм;3590 руб
;Двухзаходный шнек для мотобура Oleo-Mac MTL85R 250 мм  для земли;11174 руб
;Двухзаходный шнек для мотобура Oleo-Mac MTL85R 300 мм  для земли;17990 руб
;Двухзаходный шнек для мотобура Oleo-Mac MTL85R 350 мм  для земли;19990 руб
;Двухзаходный шнек для мотобура Oleo-Mac MTL85R 400 мм  для земли;20990 руб
;Двухзаходный шнек для мотобура Oleo-Mac MTL85R 500 мм  для земли;26990 руб
;Однозаходный шнек для мотобура Oleo-Mac MTL51 80 мм  для земли;3190 руб
;Однозаходный шнек для мотобура Oleo-Mac MTL51, 85R 100 мм  для земли;3790 руб
;Однозаходный шнек для мотобура Oleo-Mac MTL51, 85R 150 мм  для земли;4490 руб
;Однозаходный шнек для мотобура Oleo-Mac MTL51, 85R 200 мм  для земли;4990 руб
;Однозаходный шнек для мотобура Oleo-Mac MTL85R 250 мм  для земли;6990 руб
;Однозаходный шнек для мотобура Oleo-Mac MTL85R 300 мм  для земли;7590 руб
;Однозаходный шнек для мотобура Oleo-Mac MTL85R 350 мм  для земли;10990 руб
;Однозаходный шнек для мотобура Oleo-Mac MTL51, 85R 200 мм  для льда;6990 руб
;Мотобур ECHO EA-410 (бензобур);24840 руб
;Мотобур Efco TR 1551 (бензобур);30490 руб
;Мотобур Efco TR 1585R (бензобур);94490 руб
;Однозаходный шнек для мотобура Efco TR 1551, 1585R 80мм для земли;3500 руб
;Однозаходный шнек для мотобура Efco TR 1551, 1585R 100мм для земли;3650 руб
;Однозаходный шнек для мотобура Efco TR 1551, 1585R 150мм для земли;4160 руб
;Однозаходный шнек для мотобура Efco TR 1551, 1585R 200мм для земли;4430 руб
;Двухзаходный шнек для мотобура Efco TR 1585R 250мм для земли;15870 руб
;Двухзаходный шнек для мотобура Efco TR 1585R 300мм для земли;17960 руб
;Двухзаходный шнек для мотобура Efco TR 1585R 400мм для земли;21730 руб
;Двухзаходный шнек для мотобура Efco TR 1585R 500мм для земли;27330 руб
;Однозаходный шнек для мотобура Efco TR 1585R 300мм для земли;7030 руб
;Мотобур Stihl BT 45 (бензобур);19890 руб
;Мотобур Stihl BT 121 (бензобур);34590 руб
;Мотобур Stihl BT 360 (бензобур);67990 руб
;Косилка для мотоблока Мобил К G85 сегментная 92 см;13500 руб
;Грунтозацепы 460x160 мм для мотоблоков G85;2500 руб
